Colchón Jiron Econo Plus Matrimonial Ortopédico,195.900145.900,N/A,https://www.walmart.co.cr/colchon-matrimonial-jiron-economico-plus-unidad/p
Colchón Jiron Confortico Individual Ortopédico,99.50077.900,N/A,https://www.walmart.co.cr/colchon-confortico-jiron-individual/p
Base Para Colchón JIRON Matrimonial,82.500,N/A,https://www.walmart.co.cr/jiron-base-matrimonial/p
Bolsa Verde Grande Reutilizable,700,N/A,https://www.walmart.co.cr/bolsa-verde-grande-reutilizable-4/p
Colchón Luxor Top Confort Tamaño Individual,119.90075.900,N/A,https://www.walmart.co.cr/luxor-colchon-individual-top-confort/p
Colchón Jiron Platinum Plus Matrimonial Ortopédico,153.900129.900,N/A,https://www.walmart.co.cr/colchon-jiron-matrimonial-platinum-plus/p
Colchón Jiron Econo Plus Queen Ortopédico,243.900179.900,N/A,https://www.walmart.co.cr/jiron-colchon-queen-econo-plus/p
Colchón Luxor Tamaño Matrimonial top confort,139.90089.900,N/A,https://www.walmart.co.cr/colch-n-top-confort-matrimonial-luxor/p
Colchón Jiron Platinum Individual Ortopédico,115.90097.900,N/A,https://www.walmart.co.cr/colchon-jiron-individual-platinum/p
Resma De Papel Chamex Carta 98 Blancura,1.900,N/A,https://www.walmart.co.cr/resma-papel-chamex-carta-98-blancura/p
Fosforos Suli De Madera - 10 Cajitas,320,N/A,https://www.walmart.co.cr/fosforos-suli-de-madera-10-cajitas/p
Botella Home Pro Atomizador - 550ml,1.200,N/A,https://www.walmart.co.cr/botella-atomizador-home-pro-550-ml/p
Colchón Luxor Tamaño Matrimonial full confort,165.900119.900,N/A,https://www.walmart.co.cr/luxor-colchon-matrimonial-full-confort/p
Colchón Jiron Matrimonial confortico,131.90099.900,N/A,https://www.walmart.co.cr/colchon-jiron-matrimonial-confortico/p
Bolsa Elena para Chorrear Café -unidad,550,N/A,https://www.walmart.co.cr/cross-bols-chorr-caf-elena-gde/p
Armario Keter space winner alto 72 cm,122.000,N/A,https://www.walmart.co.cr/armario-space-winner-alto-72-cms/p
Maleta Disney Silueta Mickey Rosada Pequeña - 1 Ud,35.900,N/A,https://www.walmart.co.cr/maleta-disney-silueta-mickey-rosada-peque%C3%B1a-1-ud/p
Colchón marca Luxor Tamaño Individual Full Confort,143.900,N/A,https://www.walmart.co.cr/luxor-colchon-individual-full-confort/p
Librera Mainstays 5 divisiones color negro MS89-010-092-41,34.900,N/A,https://www.walmart.co.cr/ms-librera-divisiones-c-true-black-oak/p
"Bombillo Led Sylvania, 12W Luz Blanca rosca E27 -3 uds",3.200,N/A,https://www.walmart.co.cr/3-pack-bombillo-sylvania-led-12w-luz-blanca/p
Tierra Rica Tierra Vitaminada - 10 lt,2.250,N/A,https://www.walmart.co.cr/tierra-rica-tierra-vitaminada-10-lt/p
Batería Duracell Alcalina AA Basico - 4unidades,3.4202.750,N/A,https://www.walmart.co.cr/bateria-duracell-alcalina-aa-basico-4unidades-4/p
Colchón Jiron Queen hibrydo 360 pocket,255.000199.900,N/A,https://www.walmart.co.cr/jiron-colchon-queen-hibrydo-360-pocket/p
Silla plegable Ozark Trail con brazos colores surtidos 81 cm con capacidad de 102 kg,5.700,N/A,https://www.walmart.co.cr/silla-ozark-trail-negro-81-cms/p
Ducha Lorenzetti Maxi Ultra 127v 5500w modelol 7537641 - unidad,18.610,N/A,https://www.walmart.co.cr/ducha-lorenzetti-maxi-ultra-blanca-127v-4/p
Batería Panasonic Zinc Carbon AAA - 4 Unidades,1.460,N/A,https://www.walmart.co.cr/bateria-panasonic-zinc-carbon-aaa-unidades/p
Tijera Cocina Mainstays,600,N/A,https://www.walmart.co.cr/tijera-cocina-mainstays-4/p
Pesa Digital Mainstays Para Cocina - 1 Unidad,4.500,N/A,https://www.walmart.co.cr/pesa-digital-para-cocina/p
Colchón Confort Life tamaño matrimonial special edition,224.900,N/A,https://www.walmart.co.cr/colchon-matrimonial-special-edition/p
Matamoscas GuatePlast para las Moscas surtido - unidad,570,N/A,https://www.walmart.co.cr/cross-matamoscas-pa-las-moscas-guateplast-surtido-0-4/p
"Colchón Marca Luxor Tamaño King, Full Confort",235.900161.900,N/A,https://www.walmart.co.cr/luxor-colchon-king-full-confort/p
Cepillo para inodoro Mainstays con base gris,1.200,N/A,https://www.walmart.co.cr/cepillo-para-inodoro-mainstays-con-base-gris/p
Sofá cama Mainstays deluxe base dorada,130.90099.900,N/A,https://www.walmart.co.cr/ms-sofa-cama-deluxe-base-dorada/p
Lámpara Mainstays de pie decorativa,9.900,N/A,https://www.walmart.co.cr/lampara-pie-decorativa-mainstays/p
"Lonchera termica Yolo, estampado de unicornio color morado",5.0001.000,N/A,https://www.walmart.co.cr/lonchera-termica-negro-con-estampados/p
Colchón marca Kingkoil Tamaño Matrimonial Resplandor,227.000,N/A,https://www.walmart.co.cr/colchon-marca-king-koil-matrimonial-resplandor/p
Colchón Jiron Matrimonial hibrydo 360 pocket,229.000179.900,N/A,https://www.walmart.co.cr/jiron-colchon-matri-hibrydo-360-pocket/p
Colchón Luxor Tamaño Queen full confort,209.900,N/A,https://www.walmart.co.cr/luxor-colchon-queen-full-confort/p
Tabla Maintays Para Picar Bambu - Unidades,1.800,N/A,https://www.walmart.co.cr/tabla-maintays-para-picar-bambu-unidades/p
Batería Panasonic Zinc Carbon AA - 4 Unidades,1.550,N/A,https://www.walmart.co.cr/bateria-panasonic-zinc-carbon-aa-unidades-4/p
Colchón Serta Tamaño Matrimonial Perfect Balance Medio,289.900151.900,N/A,https://www.walmart.co.cr/serta-colchon-matri-perfectbalance-medio/p
Cepillo para inodoro Mainstays con base blanco - 2 Pzas,1.200,N/A,https://www.walmart.co.cr/cepillo-para-inodoro-mainstays-con-base-blanco-2-pzas/p
Batería Rayovac Alcalina AAA - 6 Unidades,3.640,N/A,https://www.walmart.co.cr/bateria-rayovac-alcalina-aaa-unidades-5/p
Vasos de vidrio Mainstays altos 4 uds -450 ml,2.9002.000,N/A,https://www.walmart.co.cr/ms-set-de-4-vasos-altos-de-vidrio-450ml/p
Copas de vidrio Mainstays para vino 4 uds -470 ml,2.9002.000,N/A,https://www.walmart.co.cr/ms-set-de-4-copas-de-vidrio-vino-470ml/p
Almohada Haus hipoalergénica 40 x 60 cm,2.000,N/A,https://www.walmart.co.cr/planta-marca-mainstays-artificial-maceta-plastico-60cm-119/p
Bateria Alcalinas AA Work Tools 6 Pack,800,N/A,https://www.walmart.co.cr/bateria-alcalinas-aa-marca-work-tools-6-pack/p
Ms Bar Bajo Fraktal 95cm Alto,94.90083.900,N/A,https://www.walmart.co.cr/ms-bar-bajo-fraktal-95cm-alto/p
Aspiradora Auto Drive para automóvil,11.0007.800,N/A,https://www.walmart.co.cr/aspiradora-auto-drive-para-automovil-/p
Colchon Luxor Matrimonial Sele,181.900,N/A,https://www.walmart.co.cr/luxor-colchon-ee-sele-matri/p
Tapasol Disney para auto modelo cars 160 x 70 cm,6.000,N/A,https://www.walmart.co.cr/tapasol-cars-160x70-cms/p
Alfombra para baño Mainstays colores surtidos 40 x 60 cm,1.900,N/A,https://www.walmart.co.cr/alfombra-para-ba%C3%B1o-mainstays-colores-surtidos-40-x-60-cm/p
Escurridor De Platos 2 Niveles Mainstays,5.900,N/A,https://www.walmart.co.cr/escurridor-de-platos-2-niveles-mainstays/p
Parrilla de carbón Expert Grill de Hierro fundido con 2 estantes deslizantes  -32 pulgadas,134.000107.000,N/A,https://www.walmart.co.cr/parrilla-marca-expertgrill-deluxegrande-de-carbon/p
Maleta Disney Carita Minnie Negra Pequeña - 1 Ud,35.900,N/A,https://www.walmart.co.cr/maleta-disney-carita-minnie-negra-peque%C3%B1a-1-ud/p
Kit de limpieza Auto Drive para auto -  5 Pzas,4.500,N/A,https://www.walmart.co.cr/kit-de-limpieza-auto-5-piezas/p
Caja Home Pro Uso Pesado De 102 Ltrs.,8.500,N/A,https://www.walmart.co.cr/caja-home-pro-uso-pesado-de-102-ltrs/p
Bascula Mainstays transparente,3.300,N/A,https://www.walmart.co.cr/bascula-transparente-marca-mainstays/p
Kit Candela Apagon Caja 6 Uds +Caja De Fòsforos Frangus Con Aroma A Ylang Ylang,1.800,N/A,https://www.walmart.co.cr/apagon-candela-ecologica-marca-frangus-4/p
Limpiador multipropósito Tuff Stuff aerosol con espuma - 623 ml,4.400,N/A,https://www.walmart.co.cr/limpiador-tuff-stuff-tapiserias-y-alfombras/p
"Lonchera termica Yolo, estampado color rosado",5.0001.000,N/A,https://www.walmart.co.cr/lonchera-termica-rosado/p
Colchón Luxor king koil tamaño matrimonial,135.900,N/A,https://www.walmart.co.cr/colchon-king-koil-tama%C3%B1o-matrimonial-firmeza-media/p
Gas butano Vox para cocinas portátiles 3 Pack- 660 g,4.5003.900,N/A,https://www.walmart.co.cr/3-pack-gas-butano-vox-660gr/p
Cubo organizador Mainstays 8 divisiones color blanco,39.500,N/A,https://www.walmart.co.cr/cubo-mainstays-organizador-8-divisiones-blanco/p
Set Mainstays Bolsas Empaque Vacio Mediana 2unidades,1.100,N/A,https://www.walmart.co.cr/set-bolsas-empaque-vacio-mainstays-med-4/p
"Encendedor Vox para BBQ,multipropósito,recargable",1.300,N/A,https://www.walmart.co.cr/encendedor-para-barbacoa-baide-unidad-4/p
Destapador Adarga potasa de cañerías inodoros y desagues - 300 g,1.300,N/A,https://www.walmart.co.cr/potasa-destapa-canerias-300-gr/p
Colchón King Koil Tamaño King brillo,395.000255.900,N/A,https://www.walmart.co.cr/colchon-marca-king-koil-king-brillo/p
Llanta Winda 205/55 R16 Wp16,27.50023.300,N/A,https://www.walmart.co.cr/llanta-winda-205-55-r16-wp16/p
Maleta Stitch Azul 20,29.900,N/A,https://www.walmart.co.cr/maleta-stitch-azul-20/p
Set de jardín Mainstays azul oscuro - 6 Pzas,95.900,N/A,https://www.walmart.co.cr/set-de-jardin-mainstays-azul-oscuro-6-pzas-/p
Incienso Ganesha Copal Lavanda 20Pz Ea 1,1.000,N/A,https://www.walmart.co.cr/incienso-ganesha-copal-lavanda-20pz-ea-1-112/p
"Lonchera termica Yolo, estampado de corazones color rosado",5.0001.000,N/A,https://www.walmart.co.cr/lonchera-termica-azul/p
"Silla Plegable Ozark Trail Con Mesa Para Lata Surtido Color 80.7cm, 31cm - 136kg",11.9009.900,N/A,https://www.walmart.co.cr/silla-para-camping-director-ozark-trail-unidad/p
Colchón Queen confort life edición especial,249.900,N/A,https://www.walmart.co.cr/colchon-queen-confort-life-edicion-especial/p
Colchón confort life king edición especial,319.900,N/A,https://www.walmart.co.cr/colchon-confort-life-king-edicion-especial/p
Colchón Jiron Matrimonial confortico,131.90099.900,N/A,https://www.walmart.co.cr/colchon-jiron-matrimonial-confortico/p
Bolsa Elena para Chorrear Café -unidad,550,N/A,https://www.walmart.co.cr/cross-bols-chorr-caf-elena-gde/p
Armario Keter space winner alto 72 cm,122.000,N/A,https://www.walmart.co.cr/armario-space-winner-alto-72-cms/p
Maleta Disney Silueta Mickey Rosada Pequeña - 1 Ud,35.900,N/A,https://www.walmart.co.cr/maleta-disney-silueta-mickey-rosada-peque%C3%B1a-1-ud/p
Colchón marca Luxor Tamaño Individual Full Confort,143.900,N/A,https://www.walmart.co.cr/luxor-colchon-individual-full-confort/p
Librera Mainstays 5 divisiones color negro MS89-010-092-41,34.900,N/A,https://www.walmart.co.cr/ms-librera-divisiones-c-true-black-oak/p
"Bombillo Led Sylvania, 12W Luz Blanca rosca E27 -3 uds",3.200,N/A,https://www.walmart.co.cr/3-pack-bombillo-sylvania-led-12w-luz-blanca/p
Tierra Rica Tierra Vitaminada - 10 lt,2.250,N/A,https://www.walmart.co.cr/tierra-rica-tierra-vitaminada-10-lt/p
Matamoscas GuatePlast para las Moscas surtido - unidad,570,N/A,https://www.walmart.co.cr/cross-matamoscas-pa-las-moscas-guateplast-surtido-0-4/p
"Colchón Marca Luxor Tamaño King, Full Confort",235.900161.900,N/A,https://www.walmart.co.cr/luxor-colchon-king-full-confort/p
Cepillo para inodoro Mainstays con base gris,1.200,N/A,https://www.walmart.co.cr/cepillo-para-inodoro-mainstays-con-base-gris/p
Sofá cama Mainstays deluxe base dorada,130.90099.900,N/A,https://www.walmart.co.cr/ms-sofa-cama-deluxe-base-dorada/p
Lámpara Mainstays de pie decorativa,9.900,N/A,https://www.walmart.co.cr/lampara-pie-decorativa-mainstays/p
"Lonchera termica Yolo, estampado de unicornio color morado",5.0001.000,N/A,https://www.walmart.co.cr/lonchera-termica-negro-con-estampados/p
Colchón Jiron Matrimonial hibrydo 360 pocket,229.000179.900,N/A,https://www.walmart.co.cr/jiron-colchon-matri-hibrydo-360-pocket/p
Colchón marca Kingkoil Tamaño Matrimonial Resplandor,227.000,N/A,https://www.walmart.co.cr/colchon-marca-king-koil-matrimonial-resplandor/p
Colchón Luxor Tamaño Queen full confort,209.900,N/A,https://www.walmart.co.cr/luxor-colchon-queen-full-confort/p
Tabla Maintays Para Picar Bambu - Unidades,1.800,N/A,https://www.walmart.co.cr/tabla-maintays-para-picar-bambu-unidades/p
Batería Panasonic Zinc Carbon AA - 4 Unidades,1.550,N/A,https://www.walmart.co.cr/bateria-panasonic-zinc-carbon-aa-unidades-4/p
Colchón Serta Tamaño Matrimonial Perfect Balance Medio,289.900151.900,N/A,https://www.walmart.co.cr/serta-colchon-matri-perfectbalance-medio/p
Cepillo para inodoro Mainstays con base blanco - 2 Pzas,1.200,N/A,https://www.walmart.co.cr/cepillo-para-inodoro-mainstays-con-base-blanco-2-pzas/p
Batería Rayovac Alcalina AAA - 6 Unidades,3.640,N/A,https://www.walmart.co.cr/bateria-rayovac-alcalina-aaa-unidades-5/p
Vasos de vidrio Mainstays altos 4 uds -450 ml,2.9002.000,N/A,https://www.walmart.co.cr/ms-set-de-4-vasos-altos-de-vidrio-450ml/p
Copas de vidrio Mainstays para vino 4 uds -470 ml,2.9002.000,N/A,https://www.walmart.co.cr/ms-set-de-4-copas-de-vidrio-vino-470ml/p
Almohada Haus hipoalergénica 40 x 60 cm,2.000,N/A,https://www.walmart.co.cr/planta-marca-mainstays-artificial-maceta-plastico-60cm-119/p
Bateria Alcalinas AA Work Tools 6 Pack,800,N/A,https://www.walmart.co.cr/bateria-alcalinas-aa-marca-work-tools-6-pack/p
Ms Bar Bajo Fraktal 95cm Alto,94.90083.900,N/A,https://www.walmart.co.cr/ms-bar-bajo-fraktal-95cm-alto/p
Aspiradora Auto Drive para automóvil,11.0007.800,N/A,https://www.walmart.co.cr/aspiradora-auto-drive-para-automovil-/p
Colchon Luxor Matrimonial Sele,181.900,N/A,https://www.walmart.co.cr/luxor-colchon-ee-sele-matri/p
Tapasol Disney para auto modelo cars 160 x 70 cm,6.000,N/A,https://www.walmart.co.cr/tapasol-cars-160x70-cms/p
Alfombra para baño Mainstays colores surtidos 40 x 60 cm,1.900,N/A,https://www.walmart.co.cr/alfombra-para-ba%C3%B1o-mainstays-colores-surtidos-40-x-60-cm/p
Escurridor De Platos 2 Niveles Mainstays,5.900,N/A,https://www.walmart.co.cr/escurridor-de-platos-2-niveles-mainstays/p
Parrilla de carbón Expert Grill de Hierro fundido con 2 estantes deslizantes  -32 pulgadas,134.000107.000,N/A,https://www.walmart.co.cr/parrilla-marca-expertgrill-deluxegrande-de-carbon/p
Maleta Disney Carita Minnie Negra Pequeña - 1 Ud,35.900,N/A,https://www.walmart.co.cr/maleta-disney-carita-minnie-negra-peque%C3%B1a-1-ud/p
Caja Home Pro Uso Pesado De 102 Ltrs.,8.500,N/A,https://www.walmart.co.cr/caja-home-pro-uso-pesado-de-102-ltrs/p
Bascula Mainstays transparente,3.300,N/A,https://www.walmart.co.cr/bascula-transparente-marca-mainstays/p
Kit Candela Apagon Caja 6 Uds +Caja De Fòsforos Frangus Con Aroma A Ylang Ylang,1.800,N/A,https://www.walmart.co.cr/apagon-candela-ecologica-marca-frangus-4/p
Kit de limpieza Auto Drive para auto -  5 Pzas,4.500,N/A,https://www.walmart.co.cr/kit-de-limpieza-auto-5-piezas/p
Limpiador multipropósito Tuff Stuff aerosol con espuma - 623 ml,4.400,N/A,https://www.walmart.co.cr/limpiador-tuff-stuff-tapiserias-y-alfombras/p
"Lonchera termica Yolo, estampado color rosado",5.0001.000,N/A,https://www.walmart.co.cr/lonchera-termica-rosado/p
Colchón Luxor king koil tamaño matrimonial,135.900,N/A,https://www.walmart.co.cr/colchon-king-koil-tama%C3%B1o-matrimonial-firmeza-media/p
Gas butano Vox para cocinas portátiles 3 Pack- 660 g,4.5003.900,N/A,https://www.walmart.co.cr/3-pack-gas-butano-vox-660gr/p
Cubo organizador Mainstays 8 divisiones color blanco,39.500,N/A,https://www.walmart.co.cr/cubo-mainstays-organizador-8-divisiones-blanco/p
Set Mainstays Bolsas Empaque Vacio Mediana 2unidades,1.100,N/A,https://www.walmart.co.cr/set-bolsas-empaque-vacio-mainstays-med-4/p
"Encendedor Vox para BBQ,multipropósito,recargable",1.300,N/A,https://www.walmart.co.cr/encendedor-para-barbacoa-baide-unidad-4/p
Destapador Adarga potasa de cañerías inodoros y desagues - 300 g,1.300,N/A,https://www.walmart.co.cr/potasa-destapa-canerias-300-gr/p
Colchón King Koil Tamaño King brillo,395.000255.900,N/A,https://www.walmart.co.cr/colchon-marca-king-koil-king-brillo/p
Llanta Winda 205/55 R16 Wp16,27.50023.300,N/A,https://www.walmart.co.cr/llanta-winda-205-55-r16-wp16/p
Maleta Stitch Azul 20,29.900,N/A,https://www.walmart.co.cr/maleta-stitch-azul-20/p
Set de jardín Mainstays azul oscuro - 6 Pzas,95.900,N/A,https://www.walmart.co.cr/set-de-jardin-mainstays-azul-oscuro-6-pzas-/p
Incienso Ganesha Copal Lavanda 20Pz Ea 1,1.000,N/A,https://www.walmart.co.cr/incienso-ganesha-copal-lavanda-20pz-ea-1-112/p
"Lonchera termica Yolo, estampado de corazones color rosado",5.0001.000,N/A,https://www.walmart.co.cr/lonchera-termica-azul/p
